{"train_loss": 0.053530480712652206, "_timestamp": 1709238092.5707338, "_runtime": 226.33306574821472, "_step": 165}