{"train_loss": 0.030007436871528625, "_timestamp": 1709240596.064668, "_runtime": 2729.826999902725, "_step": 1903, "validation": {"_type": "images/separated", "width": 512, "height": 512, "format": "png", "count": 4, "filenames": ["media/images/validation_1881_0997198d493271a85091.png", "media/images/validation_1881_ae0f4063908cc8a504d9.png", "media/images/validation_1881_e340640b855af633148a.png", "media/images/validation_1881_dee8f43f01674b85e172.png"], "captions": ["0: cute dragon creature", "1: cute dragon creature", "2: cute dragon creature", "3: cute dragon creature"]}}